Category,Question,Score 3 (Simple),Score 2 (Moderate),Score 1 (Complex)
Application Portfolio,Number of applications,< 25 applications,25-100 applications,> 100 applications
Application Portfolio,Business-critical %,< 20% critical apps,20-50% critical apps,> 50% critical apps
Application Portfolio,Legacy dependencies,Modern stack only,Some legacy (< 5 systems),Heavy legacy (> 5 systems)
Technical Complexity,Technology diversity,1-3 platforms/languages,4-8 platforms/languages,> 8 platforms/languages
Technical Complexity,Custom integrations,Standard APIs only,Some custom (< 10),Heavy custom (> 10)
Technical Complexity,Compliance requirements,None or basic,Moderate (PCI/SOX),Strict (HIPAA/Financial)
Organizational Readiness,Executive sponsorship,C-suite champion + budget,Director level support,Limited/unclear support
Organizational Readiness,Dedicated resources,> 10 FTE allocated,5-10 FTE allocated,< 5 FTE allocated
Organizational Readiness,Cloud experience,Extensive (> 2 migrations),Some (1 migration/training),None (new to cloud)
Business Constraints,Hard deadlines,No fixed deadlines,Flexible deadlines (> 2 years),Hard deadlines (< 18 months)
Business Constraints,Risk tolerance,High (aggressive timeline),Medium (balanced approach),Low (extensive testing required)
Business Constraints,Migration budget,> $5M or unlimited,$1M - $5M,< $1M or constrained
Resource Capability,Partner support model,Full hands-on delivery,Hybrid (guidance + delivery),Advisory only
Resource Capability,Downtime tolerance,Flexible (hours acceptable),Limited (< 4 hours),Minimal (< 1 hour)
Resource Capability,Business constraints,No seasonal restrictions,Some busy periods,Strict seasonal limits

Timeline Recommendations,,,
Total Score,Timeline,Rationale,
36-30,12 months,Simple environment strong support flexible constraints,
29-24,18 months,Moderate complexity good resources some constraints,
23-18,24 months,Higher complexity limited resources tighter constraints,
17-12,36 months,Complex environment resource constraints high risk aversion,

Example Scoring,,,
Scenario,Mid-size Company,,
75 applications,Score: 2,,
30% business-critical,Score: 2,,
6 different platforms,Score: 2,,
PCI compliance required,Score: 2,,
Director-level sponsor,Score: 2,,
7 FTE team,Score: 2,,
Total Score,12 points,,
Recommendation,36-month timeline,,
